Repo,Spearman,Pvalue,NO,SM,NO_max,SM_max
languagetool-org_languagetool,-0.509292427771446,2.4249535530468875e-11,0.05207836621932732,0.18756498176541025,udomai_SteVio89 1.0 0.125,susanaboatto_marcoagpinto 0.0 1.0
strapi_strapi,0.0532637036858805,0.2600422959367771,0.018916756246473706,0.30032818679990747,ronronscelestes_maevalienard 0.19298245614035087 0.26666666666666666,mfrachet_Feranchz 0.0 0.75
opencrvs_opencrvs-core,-0.094817943374006,0.10649492644916653,0.012096178153451313,0.26563039385204334,jamil314_emon-swe-sust 0.2159090909090909 0.3333333333333333,euanmillar_Zangetsu101 0.07692307692307693 0.8333333333333334
datagrok-ai_public,0.08605627537749017,0.5024638079440804,0.010468631897203326,0.3321408089265232,skalkin_dskatov 0.25 0.16666666666666666,dskatov_adrkn 0.0 1.0
apache_inlong,0.07651180526882867,0.013996446483509038,0.013070290014080155,0.31522560066670957,fuweng11_ciscozhou 1.0 0.3333333333333333,herywang_castorqin 0.0 1.0
jmix-framework_jmix,-0.48004226830439295,0.03751687752935265,0.04154325206956786,0.19260577236627852,natfirst_glebfox 0.3333333333333333 0.11764705882352941,KremnevDmitry_GurSergey 0.0 0.5
dotnet_arcade,-0.1032748192504193,0.06804786143739153,0.05199887162282174,0.1677959449096351,garath_epananth 0.5263157894736842 0.3333333333333333,vitek-karas_dagood 0.18248175182481752 1.0
actions_runner-images,0.3759634820075363,9.9624559836749e-29,0.02483900709491383,0.27207818247978904,andy-mishechkin_LeonidLapshin 0.5714285714285714 0.6774193548387096,miketimofeev_al-cheb 0.2289156626506024 0.9
conan-io_conan,0.26832832394073036,1.2230613823501226e-07,0.011518846692350917,0.28180530544839105,jgsogo_danimtb 0.16363636363636364 0.7391304347826086,rasjani_aleksa2808 0.0 1.0
PrefectHQ_prefect,0.009825598406957955,0.686831462012561,0.01817894517564788,0.2016434126601892,marichka-offen_brigidgliwa 0.5 0.2,jeanluciano_Prachi-Jain01 0.0 1.0
PaddlePaddle_PaddleOCR,-0.06221218121558484,0.7531474511099225,0.010223158923173464,0.3172309231576966,tink2123_an1018 0.05555555555555555 0.30434782608695654,livingbody_GreatV 0.014925373134328358 1.0
keycloak_keycloak,-0.03269333613979938,0.6392169668961045,0.01369816421740258,0.1700473434672355,tondrusk_Aboullos 1.0 0.2,rmartinc_mposolda 0.019417475728155338 0.675
vector-im_element-web,0.008126850094263617,0.9232571815566089,0.010566839735853834,0.14501400666747324,reivilibre_c-cal 0.14285714285714285 0.25,stefanceriu_c-cal 0.0 0.5714285714285714
EddieHubCommunity_LinkFree,-0.1838517240019556,4.046946248664591e-287,0.002368958130663339,0.293966390716515,Tejas-Teju_RagibAjmal 1.0 0.3333333333333333,amanpreet-dev_Shiva-Sai-ssb 0.0 1.0
open-metadata_OpenMetadata,0.2289660228190297,1.2690618457938148e-12,0.02903893195628746,0.23102233045577605,kshinde2512_Vj-L 1.0 0.07142857142857142,psg2_ksirmons 0.0 1.0
scylladb_scylladb,0.16350367569087107,5.348024180200776e-10,0.019566291949053672,0.14289016506082683,bentsi_aleksbykov 0.4 0.0,lauranovich_dgarcia360 0.0 1.0
bryntum_support,0.22309745355852595,0.2538061040322318,0.019339669199477667,0.45141998391954596,chuckn0rris_bmblb 0.16666666666666666 0.6428571428571429,jehret_ghulamghousdev 0.0 0.7777777777777778
FuelLabs_sway,0.15011020250923734,1.335069384027911e-06,0.04092587397629866,0.20850702054960085,simonr0204_otrho 0.4411764705882353 0.09523809523809523,sarahschwartz_ControlCplusControlV 0.0326530612244898 0.75
MicrosoftDocs_microsoft-365-docs,-0.08488746533904468,0.013081717131601719,0.023696722310532648,0.25896680268136574,markjjo_LauraWi 0.15384615384615385 0.5,greg-lindsay_AdwoodMicrosoft 0.0 1.0
carbon-design-system_carbon-for-ibm-dotcom,0.1145813325348584,0.024742057097318467,0.010442903072379162,0.2797738175843773,thyhmdo_jkaeser 0.3333333333333333 0.0,ariellalgilmore_IgnacioBecerra 0.0 0.7735849056603774
spring-projects_spring-security,-0.11900862087020164,4.038334233143186e-05,0.0033995167090185912,0.2790135901321465,ugrave_qavid 1.0 0.125,wldomiciano_chschu 0.0 1.0
mui_material-ui,-0.13397033777254835,3.963914456435741e-05,0.0039891570258470035,0.13791986100979525,sai6855_TinaSay 0.25 0.05714285714285714,divyammadhok_bencevoros 0.0 1.0
brave_brave-browser,-0.008554035152851077,0.8403602968565075,0.0067771539866030815,0.19449486791805357,btlechowski_MadhaviSeelam 0.25 0.5454545454545454,rillian_kim0 0.012048192771084338 0.7142857142857143
provectus_kafka-ui,-0.10790737071342069,6.167357838778602e-08,0.002284364079977119,0.30335476802755795,burusha16_Guzel738 0.25 0.25,pvmsikrsna_Mano-Liaoyan 0.0 1.0
teambtcmap_btcmap-data,-0.23160141909808446,0.08887370914258191,0.025265977839677958,0.19376053398346665,sheepbild_alekqss 0.5 0.0,sheepbild_BigBossRabbit 0.0 1.0
brave_brave-ios,0.01708738955589411,0.9312265915881477,0.009550992030234679,0.292474749856809,srirambv_btlechowski 0.058823529411764705 0.3333333333333333,nuo-xu_StephenHeaps 0.0 0.5
open-formulieren_open-forms,nan,nan,0.0,0.20032740305206856,sergei-maertens_Viicos 0.0 0.02,sergei-maertens_SilviaAmAm 0.0 0.5454545454545454
shelcia_noobcodes-docs,-0.1262694510850016,0.3582972788641685,0.0002886002886002886,0.5533333333333333,akshatjain1004_Kumar-Ankit56 0.015873015873015872 0.25,kshitij01042002_Dibyendu303 0.0 1.0
w3c_csswg-drafts,0.09678492779215979,0.012524214193604263,0.016953706912692563,0.04658558354584065,ogerchikov_JTensai 0.25 0.3333333333333333,andruud_JTensai 0.0 1.0
cocos_cocos-engine,0.01998135148886126,0.5529757695829123,0.010740250532217754,0.23498680330909996,chichinohaha_Zhmz 0.5 0.2,chichinohaha_MSoft1115 0.0 1.0
aws-amplify_amplify-cli,-0.1164253648448752,0.3335951392099695,0.012270978367488082,0.17893668274427735,siegerts_evcodes 0.1276595744680851 0.05263157894736842,edwardfoyle_cjihrig 0.0 0.5227272727272727
apache_dolphinscheduler,-0.2082911161619797,4.315655961242116e-251,0.015802639895778917,0.301208175941896,eye-gu_ORuteMa 1.0 0.3333333333333333,hoey94_biaoma-ty 0.0 1.0
NVIDIA_TensorRT,-0.15210205475605196,0.15475446911732046,0.016128109616224705,0.23888602057192326,oxana-nvidia_nvpohanh 0.17647058823529413 0.045454545454545456,oxana-nvidia_SimengLiu-nv 0.0 1.0
quarto-dev_quarto-cli,0.37445024755647727,0.18715228055241162,0.01600595015529531,0.11729133064154607,dragonstyle_cscheid 0.049079754601226995 0.4246575342465753,dragonstyle_cscheid 0.049079754601226995 0.4246575342465753
Azure_azure-sdk-for-java,-0.17196691951524562,3.970231577135927e-05,0.031093846099044205,0.1646345216535897,ki1729_XiaofeiCao 0.5 0.24,praveenkuttappan_chidozieononiwu 0.09090909090909091 0.6666666666666666
status-im_status-desktop,0.24332474609483687,0.3012502785464057,0.022275902226641657,0.26593113264145696,richard-ramos_cammellos 0.1510791366906475 0.18181818181818182,osmaczko_MishkaRogachev 0.031746031746031744 0.56
microsoft_pylance-release,0.348999922210715,0.00011503789276868674,0.02297098823560834,0.2341342254605419,judej_bschnurr 0.16216216216216217 0.5217391304347826,heejaechang_bschnurr 0.1323529411764706 0.7916666666666666
bounswe_bounswe2022group2,0.42420624476333535,0.0012481700699641333,0.03352068384534878,0.49902107763611153,xltvy_gokayyildiz 0.25 0.43333333333333335,onurkomurcu_bahricanyesil 0.01098901098901099 0.8076923076923077
kyma-project_busola,nan,nan,0.0,0.2724088233624943,mrCherry97_Lyczeq 0.0 0.5714285714285714,parostatkiem-zz_Julius-Schmidt 0.0 1.0
microsoft_vscode-jupyter,0.02911945634098849,0.6689696664819811,0.010659845201607558,0.17265406263612854,greazer_DavidKutu 0.18518518518518517 0.4444444444444444,rchiodo_IanMatthewHuff 0.10869565217391304 0.6981132075471698
vesoft-inc_nebula,0.06369353296664175,0.040103615098776774,0.021421857599063242,0.2138922962842096,zlcook_tong-hao 0.3333333333333333 0.0,shixiangz_huaxiabuluo 0.0 1.0
metersphere_metersphere,0.0,1.0,0.020833333333333332,0.4103535353535353,wxg0103_liuruibin 0.0625 0.375,zyyfit_liuruibin 0.0 0.5833333333333334
eclipse_che,0.27954132721071534,2.5452307563875383e-21,0.03573772640065571,0.2747572900020338,vitaliy-guliy_vinokurig 0.42857142857142855 0.5111111111111111,mmorhun_AndrienkoAleksandr 0.14285714285714285 0.6521739130434783
calcom_cal.com,0.004169573292853976,0.8302511622816563,0.004804663198174785,0.21592954048970295,RayAsh37_Jenietoc 0.2 0.3333333333333333,vedant-jain03_rkreddy99 0.0 1.0
coronasafe_care_fe,-0.11661563395002456,3.954823255869876e-08,0.01724307386405768,0.2519311845841661,Marmik2003_Krishna-Sivakumar 0.23404255319148937 0.0,Omkar76_AshrafMd-1 0.0 1.0
primefaces_primefaces,-0.39349057006485344,1.385824230124208e-06,0.10919123166390904,0.2091532744650523,marw1tt_fanste 1.0 0.09090909090909091,tuerker_irieill 0.0 1.0
spring-projects_spring-framework,0.38455967051848455,0.00019859442007151424,0.04884712222951557,0.3586142122838731,wilkinsona_snicoll 0.1413237924865832 0.1875,sdeleuze_sbrannen 0.07237219988512349 0.9565217391304348
Kaiserreich_Kaiserreich-4,0.38396310288230945,1.2317080680827115e-06,0.1156294658214163,0.3255386268072027,Th3A1ph4D0g_Augenis 1.0 0.5,Flamefang_Alpinia 0.16666666666666666 0.7647058823529411
spyder-ide_spyder,-0.3191485250074739,0.004667940566542183,0.0334675942464566,0.15136734858212483,jitseniesen_bcolsen 0.2222222222222222 0.0,juanis2112_andfoy 0.08032128514056225 1.0
tensorflow_tensorflow,0.020155063156740625,0.3136690366118825,0.020920787440046378,0.20654079967852007,karimnosseir_gharibian 0.5277777777777778 0.15,majiddadashi_ethkim 0.0 0.8571428571428571
vegaprotocol_frontend-monorepo,-0.13788545284880477,0.03920828836939708,0.025245297273974582,0.2805798085436174,rebeccajsimmonds_campbellssource 1.0 0.25,bglownia_MadalinaRaicu 0.0 0.8
gitpod-io_gitpod,0.021129291121912114,0.35391252464267653,0.012110985493775187,0.13919497762818175,geropl_corneliusludmann 0.2736842105263158 0.2037037037037037,vulkoingim_davidxia 0.008620689655172414 1.0
ParabolInc_parabol,0.40413052058412413,9.699182322963927e-09,0.03715230926726815,0.29292993280749424,garethaledavies_avivapinchas 0.5 0.2857142857142857,tianrunhe_Dschoordsch 0.3125 0.7407407407407407
nocodb_nocodb,-0.02130087689726573,0.763492483564504,0.012442951368799417,0.23025664901792858,pranavxc_dstala 0.2518518518518518 0.2857142857142857,sheldon-welinga_lolgopher 0.0 1.0
PipedreamHQ_pipedream,0.2212089238220592,0.194788138025378,0.018002586546039673,0.2982615272011556,jverce_andrewjschuang 0.13333333333333333 0.15,lcaresia_andrewjschuang 0.08333333333333333 0.6923076923076923
yugabyte_yugabyte-db,0.09144926119690314,0.09621487017698895,0.0016975146977087129,0.35148131693241397,ttyusupov_frozenspider 0.14285714285714285 0.5882352941176471,siddharth2411_ramsrivatsa 0.0 0.7272727272727273
redpanda-data_redpanda,-0.1398635805659086,0.12761084343810253,0.018436870511560396,0.1754980924450337,michael-redpanda_Deflaimun 0.25 0.05,michael-redpanda_BenPope 0.023809523809523808 0.6296296296296297
openhab_openhab-addons,-0.07248033825252209,0.22252690939996722,0.0033562085931833057,0.39032163742690057,lolodomo_andrewfg 0.08333333333333333 0.2857142857142857,kaikreuzer_fruggy83 0.0 1.0
dbeaver_dbeaver,0.25065312486783514,0.0017779021194344118,0.06506172144206619,0.19990605001633907,Matvey16_DariaMarkaryan 0.5714285714285714 0.3,uslss_LonwoLonwo 0.09722222222222222 0.7281553398058253
elastic_beats,-0.00654625964442374,0.7113408649926655,0.010033231394024308,0.11450901640770719,kcreddy_gpop63 1.0 0.2,jrodewig_colleenmcginnis 0.0 1.0
renovatebot_renovate,-0.17981508439606436,3.285325346482819e-62,0.001812845770487165,0.2298919457382289,dotstone_chludwig-haufe 0.5 0.25,hisener_dotstone 0.0 1.0
centerofci_mathesar,0.010183818947381568,0.677324605673834,0.004345625641491572,0.3305937870351253,Jyuart_Jinxiao0302 0.6666666666666666 0.6,raunak-dev-edu_LunaticFrisbee 0.0 1.0
microsoft_vscode,0.33042206532692936,1.8339562673422588e-17,0.023401273995428202,0.21014054127511492,lszomoru_chrmarti 0.2048780487804878 0.2682926829268293,joyceerhl_bhavyaus 0.008264462809917356 0.5714285714285714
grafana_grafana,-0.2539085369654604,1.5135476296361617e-96,0.007446758099950312,0.10237840657012073,catherineymgui_amy-super 1.0 0.0,sympatheticmoose_josmperez 0.0 1.0
osmosis-labs_osmosis,-0.10611024807207954,0.3427222893158175,0.023189799420156223,0.1520335241401811,hieuvubk_MasterPi-2124 0.19230769230769232 0.15384615384615385,p0mvn_czarcas7ic 0.12280701754385964 0.4358974358974359
OpenSID_OpenSID,-0.06983021464428059,0.37724190338285957,0.0341951261849346,0.22991805678174915,yogiperdana_ruririzal 0.42857142857142855 0.2857142857142857,totoprayogo1916_ndunks 0.0 1.0
milvus-io_milvus,-0.09961177507466533,3.515106617681491e-27,0.002351855669962453,0.4194038716960533,harpreetpaul_StevenSama 0.5 0.5,tommykoctur_MachineWei 0.0 1.0
nextcloud_server,0.13742618006372945,0.000129250796354017,0.03499326489594876,0.18392443225542093,st3iny_miaulalala 0.3 0.36363636363636365,PVince81_CarlSchwan 0.04516129032258064 0.5405405405405406
NuGet_Home,0.12389124848888616,6.485548853454392e-05,0.0260266867409406,0.16048196902131015,jebriede_erdembayar 0.5 0.3466666666666667,zivkan_nkolev92 0.1111111111111111 0.7
fluent_fluent-bit,0.18858810658950248,0.05173272581761248,0.019244209436164957,0.20747763060028512,nokute78_fujimotos 0.14285714285714285 0.25,igorpeshansky_braydonk 0.0 1.0
FerretDB_FerretDB,0.07227385682349607,0.20296399396450718,0.02000782798974903,0.2689925971607622,ribaraka_fenogentov 1.0 0.6,kropidlowsky_fenogentov 0.0 1.0
home-assistant_core,-0.2132582233394022,1.4268286348457155e-20,0.016253142329633104,0.0739062632102,rohankapoorcom_ochlocracy 0.21428571428571427 0.0,robbiet480_kellerza 0.05905511811023622 0.5
glpi-project_glpi,0.08258513512630458,0.4551595432475859,0.04196428794765698,0.27716273563027594,ccailly_Lainow 0.5 0.0,sebeka_Lainow 0.0 1.0
espressif_arduino-esp32,0.0431267410499996,0.756831562451006,0.03266676924195524,0.1788542538884423,PilnyTomas_P-R-O-C-H-Y 0.1875 0.5833333333333334,me-no-dev_P-R-O-C-H-Y 0.0018018018018018018 0.7352941176470589
cilium_cilium,-0.07866404982301006,2.5124055830136468e-15,0.0132703126237395,0.16640403256754302,marseel_julianwiedmann 0.25925925925925924 0.25,SandeshAmin_AwesomePatrol 0.0 1.0
bitnami_containers,-0.026614968006473477,0.7296851563861344,0.03769547964666334,0.2636513002287728,andresbono_alemorcuq 0.3188405797101449 0.16666666666666666,jotamartos_corico44 0.0 0.5483870967741935
alcionai_corso,0.1999585258138309,0.33789494442968104,0.015296489742141914,0.21343080727390962,vkamra_ntolia 0.14285714285714285 0.1,vkamra_dadams39 0.043478260869565216 0.5833333333333334
prisma_prisma,0.294279638393797,6.484101482181522e-08,0.023484457119707838,0.15737661929643806,dpetrick_do4gr 0.38016528925619836 0.23376623376623376,tomhoule_pimeys 0.08144796380090498 0.45390070921985815
bounswe_bounswe2022group1,-0.11870875270422339,0.43735584042946973,0.006964164583212202,0.485948371374068,omerozdemir1_mstfatay 0.13333333333333333 0.6842105263157895,omerozdemir1_mstfatay 0.13333333333333333 0.6842105263157895
mindsdb_mindsdb,-0.08872653540623579,6.388184384640281e-101,0.001103762220710489,0.6477363160896028,PWiederspan_Max-Miller03 1.0 0.6666666666666666,dalalvarun_ajratnam 0.0 1.0
coder_coder,0.17414755741657345,0.00010850296738178199,0.021701273825140286,0.3280284012749306,sreya_Kira-Pilot 0.23529411764705882 0.4117647058823529,kylecarbs_deansheather 0.0040650406504065045 0.8421052631578947
woocommerce_woocommerce,-0.0912874142804672,0.07550746856549315,0.011611925719187854,0.15678282422819875,pmcpinto_kmrpankaj 0.3333333333333333 0.0,james-allan_aprea 0.0 1.0
GoogleChrome_web.dev,0.08626560475296607,0.0020242055891809955,0.007702822316722202,0.21758574080491994,samthor_brendankenny 0.13559322033898305 0.25,skarEE_bramus 0.0 1.0
airbytehq_airbyte,-0.06491262689024138,0.016067672959212468,0.002075652461072342,0.1408460388521617,subodh1810_rodireich 0.25 0.52,owlmaniac_Arjunhg 0.0 1.0
gravitational_teleport,0.0025040604307175877,0.9065767086110443,0.004370895276575921,0.12197132971170487,lxea_EdwardDowling 0.4166666666666667 0.16923076923076924,gozer_bardiashahali 0.0 1.0
dotCMS_core,0.045376518030510786,0.5998873860315863,0.002922204347051968,0.21378661120418765,zJaaal_rjvelazco 0.1111111111111111 0.373134328358209,zJaaal_manuelrojas 0.0 0.4878048780487805
ArctosDB_arctos,-0.18914736297140589,0.021763819537069226,0.12168210412435507,0.15195446965717002,ewommack_ccicero 1.0 0.125,mkoo_dustymc 0.09090909090909091 0.631578947368421
dotnet_perf-autofiling-issues,0.10648026091256556,0.5365123436612409,0.026687687699129402,0.4628230478987086,jkotas_AndyAyersMS 0.14613180515759314 0.2,kunalspathak_EgorBo 0.0 1.0
longhorn_longhorn,0.16810605040057053,2.325334577676107e-05,0.027911248721452883,0.18504345802854458,roger-ryao_chriscchien 0.5 0.2903225806451613,kaxing_jenting 0.0 0.6721311475409836
vectordotdev_vector,0.48503979595744473,2.130103576707382e-30,0.008585963997433589,0.1681021078190711,vladimir-dd_001wwang 0.3333333333333333 0.28125,lucperkins_JeanMertz 0.021108179419525065 0.46808510638297873
aws_aws-cdk,-0.002113325742202045,0.9566858312533089,0.03544353847964217,0.19148587310597517,vinayak-kukreja_HBobertz 1.0 0.3125,robertd_jumic 0.04081632653061224 0.6666666666666666
friendica_friendica,0.19899616456697078,0.13079592597240836,0.017599906400026594,0.24676899528594445,tobiasd_fabrixxm 0.36585365853658536 0.35714285714285715,haheute_FarisKarim 0.0 0.5
projectdiscovery_nuclei,0.18975572674578717,0.005806440246380486,0.02110953707563429,0.3368954283763045,parrasajad_forgedhallpass 0.24025974025974026 0.6666666666666666,kchason_denandz 0.0 1.0
gravitee-io_issues,0.2091000246055049,0.001066994613658036,0.02558801208262186,0.34072262841481277,sursak123_farmborough 1.0 0.14285714285714285,phiz71_a-cordier 0.02631578947368421 0.8235294117647058
apache_shardingsphere,-0.14688212181640017,1.1685856276909853e-49,0.004140841983472503,0.24159287984948366,ismailalammar_GuoHaoZai 0.5 0.0,pavanbaloju_Sakshi-75 0.0 1.0
CDCgov_prime-reportstream,0.07184168940791809,0.3504232263893351,0.039821776663881925,0.17469632465682058,oslynn_GilmoreA6 1.0 0.4745762711864407,victor-chaparro_jh765 0.0 0.625
google_mediapipe,0.03808406558888158,0.7473383574722251,0.006660251488118145,0.15799050934539285,lu-wang-g_khanhlvg 0.104 0.0,sgowroji_jiuqiant 0.06481481481481481 0.7777777777777778
hashgraph_hedera-services,-0.0775183173300337,0.008148174402959335,0.02747600295493475,0.2185576428286411,anighanta_JeffreyDallas 1.0 0.3684210526315789,timo0_jjohannes 0.0 1.0
ValveSoftware_steam-for-linux,-0.22570536492111024,0.009539336352123274,0.018548090632803133,0.206556083879825,thomaskoehler_jonpile 0.5 0.25,vlv-henryg_gdrewb-valve 0.0 1.0
lampepfl_dotty,-0.007840178813527752,0.716612522298756,0.02274139319445799,0.16306040969479857,KacperFKorban_BarkingBad 0.2727272727272727 0.25925925925925924,julienrf_ckipp01 0.04081632653061224 1.0
bitnami_charts,-0.05508327991814215,0.4271539735824328,0.046142722944908766,0.3078893457986993,joancafom_FraPazGal 0.3333333333333333 0.2972972972972973,javsalgar_carrodher 0.07766990291262135 0.7319587628865979
localstack_localstack,0.02681700844546036,0.7223448126505163,0.02130767125689959,0.15458754980762088,spwats_MarcelStranak 0.4 0.13333333333333333,mgagliardo_duongpv7 0.0 0.5517241379310345
directus_directus,-0.06353030156278158,0.48511674100366053,0.018082350223244947,0.285777885168129,shivm29_chaiwattsw 0.125 1.0,shivm29_chaiwattsw 0.125 1.0
halo-dev_halo,-0.18072844236827643,1.2118453826608348e-05,0.005285529259323325,0.31240025368488983,manction_Joydevelop 0.2 0.75,zjy4fun_FanZeros 0.0 1.0
apache_doris,-0.23923487087373557,2.706464524244569e-20,0.027100713947276322,0.1972441503429249,xy720_cambyzju 0.2727272727272727 0.0,tudouzhao_LemonLiTree 0.0 1.0
FTBTeam_FTB-Modpack-Issues,-0.18954915573574335,0.2178224164632834,0.016921552550148378,0.1983760068662793,Sunekaer_LatvianModder 0.08333333333333333 0.3076923076923077,aaronhowser1_Sunekaer 0.0 0.5294117647058824
ApolloAuto_apollo,0.08413728105701489,0.17620411546067657,0.020293290973679632,0.1956809106347098,yifeijiang_siyangy 0.23529411764705882 0.11764705882352941,xiaoxq_vlin17 0.0 0.59375
dotnet_aspnetcore,-0.1464346391837132,0.011103093329828144,0.012755599900923403,0.1060871160973183,mmitche_eerhardt 0.13679245283018868 0.0,surayya-MS_SteveSandersonMS 0.0 0.4107142857142857
influxdata_telegraf,0.16364478906873658,0.013357153285148297,0.0059041800224689635,0.1566053445552208,sjwang90_MyaLongmire 0.15789473684210525 0.16666666666666666,jcchavezs_docmerlin 0.0 1.0
woocommerce_woocommerce-blocks,0.1264189239345236,0.0830237895828764,0.0068368680202896635,0.19477516293225697,wavvves_kmanijak 0.14285714285714285 0.24390243902439024,mikejolley_gigitux 0.0 0.5223880597014925
rome_tools,-0.05492868453774119,0.10603928801711708,0.00584934048835552,0.19515684849634787,xunilrj_leops 0.11827956989247312 0.3448275862068966,lucasweng_jk-gan 0.0 1.0
harvester_harvester,0.07310496462296348,0.021894168908059574,0.05068646737706959,0.22017161436908897,slickwarren_DoNotSayYes 1.0 0.1875,thxCode_c3y1huang 0.0 0.75
dagster-io_dagster,0.17917751882581362,0.06229106774399787,0.00380733363928228,0.20476106214407813,xinbinhuang_mgasner 0.06578947368421052 0.17647058823529413,sryza_clairelin135 0.0 0.631578947368421
vector-im_element-android,-0.2559962174048461,5.220679766478626e-07,0.020184267933714913,0.11524481791029755,bmarty_BillCarsonFr 0.26262626262626265 0.26277372262773724,hughns_abaker 0.0 1.0
pingcap_tiflow,-0.18927044771422658,1.3652087178270645e-09,0.01730952847715456,0.18267965298026662,cchenkey_CharlesCheung96 0.4 0.1956521739130435,xiongjiwei_YuJuncen 0.0 0.7692307692307693
ray-project_ray,0.44164711010525715,1.5957701235731084e-25,0.012788535358357427,0.2194503767783683,richardliaw_ericl 0.10192837465564739 0.39285714285714285,tupui_kfstorm 0.0 1.0
eslint_eslint,0.019210625032432458,0.6894855200585638,0.008905799968890118,0.3305418299956337,platinumazure_ilyavolodin 0.1322314049586777 0.5,nopeless_bradzacher 0.002183406113537118 1.0
wazuh_wazuh,8.76152078606512e-05,0.9949393883635471,0.012296794096762546,0.16554172017881255,ncvicchi_Damian-Mangold 1.0 0.21052631578947367,SamsonIdowu_Rolly-M 0.15384615384615385 1.0
appwrite_appwrite,-0.14354951544037417,1.2538409783012565e-67,0.00260122017278359,0.5332088075492317,Hrdtr_FinnKr 0.3333333333333333 1.0,ffex_35C4n0r 0.16666666666666666 1.0
bazelbuild_bazel,0.09778946920146353,1.6982168997052656e-11,0.013923654607182598,0.19620635842061723,iancha1992_Pavank1992 1.0 0.6875,yangelaboy_Danaozhong 0.0 1.0
objectionary_eo,0.2671433042850291,0.00021052682114696292,0.10892814240717259,0.4757725430597771,yasamprom_MikhailLipanin 0.42857142857142855 0.6666666666666666,maxonfjvipon_Graur 0.2631578947368421 1.0
Azure_azure-sdk-for-python,-0.23202909653098977,3.6690455653908576e-61,0.02975764669816188,0.15858460015306214,minwoolee-msft_jalauzon-msft 1.0 0.041666666666666664,praveenkuttappan_heaths 0.0125 1.0
ballerina-platform_ballerina-lang,0.00020336146084641294,0.9913721702792071,0.00694484881110016,0.18380002742028667,parkavi11_Ibaqu 0.5 0.11538461538461539,praneesha_kaviththiranga 0.0 1.0
musescore_MuseScore,0.20721946321588494,2.1139050226201017e-07,0.004445734016586952,0.21204915451895764,RomanPudashkin_Eism 0.14285714285714285 0.6,vaibhavrawat24_fhrw 0.0 1.0
oppia_oppia,-0.08184524218386649,0.0019022613986911195,0.00262743075663682,0.30507099708803465,akumar1503_Nix07 0.2 0.6666666666666666,yurilemos_akshayjoshi892 0.0 1.0
eiksch_statev_v2_issues,-0.12248799104103059,0.3729873391710711,0.11958218549127639,0.43787016014288743,its4l3x_Hutstaender 1.0 0.5833333333333334,eiksch_TeubyDE 0.09090909090909091 0.875
MicrosoftDocs_OfficeDocs-SkypeForBusiness,0.11114590885977538,0.14426930772279153,0.05281834076529179,0.3617403509644889,cichur_LanaChin 0.4117647058823529 1.0,MicrosoftHeidi_CarolynRowe 0.08695652173913043 1.0
tutao_tutanota,0.37547036815871804,0.011034579331926314,0.13022014261910958,0.48029107029881013,ganthern_armhub 0.42857142857142855 0.5789473684210527,johnbotris_charlag 0.07462686567164178 0.8571428571428571
primefaces_primeng,0.09885411909286787,0.4087184632059916,0.01174470532231277,0.20456593756948738,onursenture_mertsincan 0.09289617486338798 0.08,onursenture_SoyDiego 0.01639344262295082 1.0
dart-lang_sdk,0.007504642259768542,0.7531195685218302,0.04318273510958305,0.07740746834667256,sigmundch_rakudrama 0.45 0.34782608695652173,yanok_grouma 0.0 1.0
azerothcore_azerothcore-wotlk,-0.21191076870176256,3.518564403782893e-05,0.03255310990611232,0.14817190066260244,The-GhostRider_Annamaria-CC 0.25 0.125,jamadaha_Efymer 0.0 0.75
PaddlePaddle_Paddle,-0.027043214676187997,0.03404568251596389,0.010607632908227874,0.3131778164566742,risemeup1_liuzhenhai93 1.0 0.25,wj-Mcat_SigureMo 0.011286681715575621 1.0
pyansys_pyaedt,-0.0599921770620893,0.5765250801908277,0.13819268916417304,0.6479400749063671,SMoraisAnsys_DaveTwyman 1.0 1.0,isaacansys_Samuelopez-ansys 0.0 1.0
espressif_esp-idf,0.1196129602711947,1.3106048377988557e-09,0.009745739567605846,0.5118778771654358,zhangyanjiaoesp_Icarus113 1.0 0.875,zwx1995esp_wmy-espressif 0.0 1.0
NVIDIA_spark-rapids,0.15547010501622993,0.000269134291860194,0.009744608005186456,0.32167885860124745,wjxiz1992_nartal1 0.3333333333333333 0.43478260869565216,razajafri_andygrove 0.0 0.7575757575757576
Regalis11_Barotrauma,nan,nan,0.0,0.51291627762216,juanjp600_NilanthAnimosus 0.0 0.4117647058823529,ekqvist_NilanthAnimosus 0.0 0.5714285714285714
ballerina-platform_ballerina-standard-library,0.10483697567106261,0.21767774219029246,0.0055693882624650555,0.18448300970726647,ayeshLK_ThisaruGuruge 0.25 0.45454545454545453,kaneeldias_kalaiyarasiganeshalingam 0.0 0.7111111111111111
audacity_audacity,0.12945801253767025,0.27500889175301085,0.008521892190102841,0.1588909077600119,SteveDaulton_LWinterberg 0.13953488372093023 0.11538461538461539,vsverchinsky_crsib 0.041666666666666664 0.5121951219512195
Crocoblock_suggestions,-0.5768179036829705,0.23073225195460037,0.02669082125603865,0.21388820730925992,UraraReika_Floydtm 0.06666666666666667 0.05555555555555555,UraraReika_SargasTM 0.0 0.42105263157894735
stoneatom_stonedb,-0.10123338610942335,0.10819238397323022,0.03987429034698851,0.23505996387158876,zhongshengstoneatom_DandreChen 1.0 0.08333333333333333,error0g_Amber1990Zhang 0.016666666666666666 1.0
Azure_azure-sdk-for-net,-0.2600067587875015,4.808935658979404e-38,0.026947400182069405,0.1710757887751243,johnhuang01_jalauzon-msft 1.0 0.16666666666666666,weshaggard_JimSuplizio 0.038834951456310676 1.0
modin-project_modin,0.11749163117089219,0.011227371582875158,0.014222194809896657,0.20438750660797114,peterbolson_naren-ponder 1.0 0.16666666666666666,susmitpy_d33bs 0.0 1.0
ppy_osu,0.06942353741427709,0.5015135744919792,0.044145773470908735,0.11831918249490563,frenzibyte_bdach 0.23703703703703705 0.7142857142857143,peppy_frenzibyte 0.015560165975103735 0.7868852459016393
woocommerce_woocommerce-ios,0.20019765676084597,5.013702318727197e-07,0.01931246094905574,0.21581834166843772,bummytime_astralbodies 0.24621212121212122 0.4,pmusolino_itsmeichigo 0.04128440366972477 0.6078431372549019
rancher_dashboard,0.002026677704877256,0.9721143644022405,0.020745087064793714,0.1255216950651363,sgapanovich_anupama2501 0.2222222222222222 0.20588235294117646,torchiaf_jordojordo 0.08333333333333333 0.4782608695652174
appsmithorg_appsmith,0.10259021807019923,0.053117270604878336,0.007104369033850256,0.17340720366762377,nayan-rafiq_ashit-rath 0.5 0.1956521739130435,ankitsrivas14_RakshaKShetty 0.0 0.5238095238095238
microsoft_vcpkg,-0.3142857142857143,0.5440932944606414,0.041454993712657345,0.743067738791423,jimwang118_LilyWangLL 0.08333333333333333 0.65,jimwang118_JackBoosY 0.014084507042253521 0.8125
camunda_zeebe,0.33495438448065346,1.2363838834498139e-08,0.03523753205684633,0.17763477300583358,npepinpe_korthout 0.25 0.5945945945945946,remcowesterhoud_korthout 0.15384615384615385 0.61
MetaMask_metamask-extension,-0.2123912887147196,0.001693613147901567,0.008467878877807445,0.1282583908105628,dpazdan_david0xd 0.18181818181818182 0.0,hivtushok_Montoya 0.0 1.0
zephyrproject-rtos_zephyr,-0.016330106169561293,0.5290610673313597,0.004515098576246562,0.17383583388981605,ruuddw_PerMac 0.25 0.11764705882352941,juimonen_emob-nordic 0.0 1.0
sourcegraph_sourcegraph,-0.19213363337760325,4.075703747260322e-18,0.007306634620815423,0.07221149708183441,jasonhawkharris_gabtorre 0.4 0.16666666666666666,varungandhi-src_tjdevries 0.0 1.0
rancher_rke2,-0.1219776583342707,0.029909630531313434,0.02432385986059516,0.18426993833202046,slickwarren_ShylajaDevadiga 1.0 0.0,nikolaishields_ereslibre 0.0 1.0
MicrosoftDocs_azure-devops-docs,-0.006399278285736322,0.814414647193404,0.008016678932788344,0.23404239198506763,vijayma_ramiMSFT 0.3 0.4186046511627907,ckanyika_AbeOmor 0.0 1.0
eclipse_sumo,nan,nan,0.0,0.12054367201426025,namdre_bcoueraud87 0.0 0.19117647058823528,namdre_bcoueraud87 0.0 0.19117647058823528
openrewrite_rewrite,0.45440966720596015,0.0009165631166849653,0.028866841331761157,0.2862015794662854,traceyyoshima_pway99 0.3333333333333333 0.5333333333333333,nmck257_JoeCqupt 0.0 1.0
PixelExperience_android-issues,0.07283247470493692,0.0007363048549254907,0.01025128562406661,0.31253311833330966,ReallySnow_KaguraRinko 0.21022727272727273 0.4444444444444444,danascape_Bagualisson 0.014814814814814815 0.7142857142857143
rancher-sandbox_rancher-desktop,0.12189683021965797,0.12228642746926545,0.02696254934218434,0.20207003534545986,mook-as_ericpromislow 0.2857142857142857 0.5416666666666666,jandubois_ericpromislow 0.07758620689655173 0.6862745098039216
dotnet_AspNetCore.Docs,-0.10847493748843816,0.08956239445078032,0.02178582480521813,0.14564400293106378,halter73_BrennanConroy 0.10727272727272727 0.0,captainsafia_brunolins16 0.0037019898195279964 0.6666666666666666
apache_beam,0.06476810993686948,2.3082492911372633e-06,0.0023664266073523026,0.2123801844133233,ruslan-ikhsan_rshamunov 1.0 0.5555555555555556,nuggetwheat_jonathan-lemos 0.0 1.0
owncast_owncast,-0.19454138387463768,4.952690638875611e-12,0.0017139125362099943,0.3405161096040838,vwallen_pippo 0.16666666666666666 0.25,vishal-sharma-369_radiantly 0.0 1.0
OpenRCT2_OpenRCT2,-0.526332656378115,0.0646373312556837,0.007753357753357753,0.24603174603174602,duncanspumpkin_ZehMatt 0.05555555555555555 0.16666666666666666,seifer7_karst 0.0 0.5
GoogleChrome_developer.chrome.com,0.03840443887114712,0.26225663223245016,0.013720689022784394,0.2522549516195335,rdcronin_mikesg1t 0.2857142857142857 0.0,philipwalton_f-eli-pe 0.00027041644131963225 1.0
paradigmxyz_reth,-0.21999246642663597,5.5146294446602775e-28,0.015102304730936272,0.28378831539473265,truedem0n_tomarST 0.23529411764705882 0.6,supernovahs_Tirthnp 0.0 1.0
pytorch_pytorch,-0.12787115420503253,2.1894789616634515e-32,0.009731806659766064,0.17105205652915473,mantaionut_iremyux 1.0 0.2857142857142857,youkaichao_chenyang78 0.002320185614849188 1.0
bambulab_BambuStudio,-0.11220623761272185,0.5146978610533774,0.1553978428978429,0.5736992945326278,MusangKingBambulab_LiZ-Li-BBL 1.0 0.6666666666666666,zhimin-zeng-bambulab_LiZ-Li-BBL 0.5 1.0
metabase_metabase,0.10449790865513889,0.0014083590809169373,0.01072763918610089,0.21919630117024855,noahmoss_kulyk 0.2631578947368421 0.23170731707317074,ranquild_alxnddr 0.14285714285714285 0.6310679611650486
apache_superset,0.14098109078457616,0.00035066408346383246,0.02239279670846663,0.12302922041842142,yousoph_lilykuang 0.3 0.13333333333333333,rumbin_bkyryliuk 0.0 0.5
frappe_erpnext,0.06677402341469797,0.011547016265707201,0.05411487768079979,0.17293350948829722,noahjacob_KrithiRamani 0.3333333333333333 0.1,athul_KrithiRamani 0.002 1.0
mozilla-mobile_mozilla-vpn-client,0.014596178507564353,0.8655704877220705,0.026371416118889615,0.3882574440968602,mkestler-rtp_mbirghan 0.5 0.2,mozrokafor_gabrielBusta 0.0 1.0
hashicorp_terraform-provider-google,-0.17093897995715332,0.00013046499406803183,0.0018918725464837955,0.3111418794363706,drebes_carlyeks 0.04395604395604396 0.3333333333333333,tombotch_carlyeks 0.0 1.0
Clueless-Community_seamless-ui,-0.09557130353876132,2.6254467753623237e-06,0.0011924792989511988,0.4968207134320091,mukeshkuiry_Kingshuk3006 0.18518518518518517 1.0,VaibhavTalkhande_Laxmankohar 0.0 1.0
ccxt_ccxt,0.5,0.6666666666666667,0.005323556218410804,0.5132275132275131,sc0Vu_DoctorSlimm 0.009259259259259259 0.42857142857142855,sc0Vu_kroitor 0.006711409395973154 0.7777777777777778
PostHog_posthog,-0.049535547828427055,0.11315412001673711,0.013819454363515995,0.2017105220036155,marcushyett-ph_joethreepwood 0.25 0.5,lottiecoxon_MarconLP 0.0 1.0
department-of-veterans-affairs_va.gov-team,-0.3448981898711197,3.6272915475056095e-12,0.011614447588288094,0.13812483667737985,Kimberley2023-CSM_ATMiddleton 1.0 0.6666666666666666,dickdavis_bosawt 0.0 1.0
rust-lang_rust-clippy,-0.27097889274186876,2.6547632182348275e-140,0.003930927211183892,0.29203274069738255,camsteffen_Jarcho 0.2222222222222222 0.2727272727272727,tom-anders_Xiretza 0.0 1.0
pimcore_pimcore,0.43092617668698185,1.5858128074965516e-08,0.050773412426929475,0.5319670484227447,kingjia90_aryaantony92 0.8 0.875,robertSt7_mcop1 0.3333333333333333 1.0
PaddlePaddle_PaddleSeg,-0.29509980606085046,0.10107399873989838,0.004370064727058905,0.3,hong19860320_cryoco 0.047619047619047616 0.0,zhaoyantao-murray_Bobholamovic 0.0 0.5
python_cpython,0.07999298098763595,0.0001692253746733585,0.03235102004851099,0.2157734280291371,ezio-melotti_ethanfurman 0.34554973821989526 0.4,longvhdeveloper_Eclips4 0.0 1.0
angular_angular,0.07101236264926875,0.02583477172344743,0.016481677392109022,0.14994762649469212,trekladyone_josmar-crwdstffng 1.0 0.25,krsnac7_hereiskeith 0.0 0.75
netbox-community_netbox,-0.08261833229432941,0.001174119397138532,0.0035667912735326893,0.5360040890415121,yash-pal1_kprince28 1.0 0.25,tagur87_kprince28 0.0 1.0
MystenLabs_sui,-0.04726677350757967,0.10731023240628719,0.033038264063287005,0.1457271276433328,todd-mystenlabs_arun-koshy 0.6666666666666666 0.0,georgedigkas_econmysten 0.0 1.0
SeldonIO_seldon-core,-0.02473904866591368,0.8149228220194544,0.023817812926903822,0.16624849317060147,jklaise_gsunner 0.17543859649122806 0.16666666666666666,stephen37_cnfatal 0.0 1.0
fjordllc_bootcamp,0.12352652964483088,1.9707521287883116e-14,0.06347903486346529,0.4831109195186865,rira100000000_aim2bpg 1.0 0.5555555555555556,eatplaynap_NorifumiOgawa 0.125 1.0
microsoft_fluentui,0.04658164155504442,0.08310657278398359,0.009561874930343441,0.12077797381592462,mshoho_kolaps33 0.3333333333333333 0.08,eljefe223_SethDonohue 0.05 1.0
treeverse_lakeFS,-0.25544750382662273,0.06487757075244419,0.0012001836263059958,0.1992310472821893,talSofer_Isan-Rivkin 0.023809523809523808 0.23809523809523808,shamikakumar_Sufiyan1997 0.0 0.6666666666666666
misskey-dev_misskey,0.07182722619488331,0.4131054857064288,0.04792746747756099,0.2402520038883675,tamaina_mei23 0.21076233183856502 0.6428571428571429,u1-liquid_gobosan 0.0 1.0
elastic_elasticsearch,0.09168211432434212,1.0055769863126631e-09,0.010321530520931663,0.13244273144157134,williamrandolph_mashhurs 0.5 0.058823529411764705,hendrikmuhs_dimitris-athanasiou 0.10714285714285714 1.0
BCDevOps_developer-experience,-0.0806149177125098,0.060247104754229536,0.02288691957073918,0.17856838722547644,lukegonis_caggles 0.75 0.2222222222222222,ksummersill2_MonicaG 0.0 1.0
Start9Labs_embassy-os,-0.07543517935502385,0.47728780782141533,0.08859715391397466,0.2568487106181242,k0gen_gStart9 0.4117647058823529 0.0,dr-bonez_ProofOfKeags 0.18518518518518517 0.7352941176470589
CDCgov_prime-simplereport,0.15153351078776553,0.0019894597226607696,0.08301830275927209,0.2600667876348533,lg-king_BobanL 1.0 0.13793103448275862,nickclyde_jdorothy 0.045454545454545456 0.8
golang_go,0.13413145568134377,5.816000314830066e-07,0.010590877616870947,0.18968043216371272,dr2chase_cherrymui 0.17142857142857143 0.21052631578947367,dle8_ansaba 0.0 1.0
opensearch-project_OpenSearch,0.052695906371225266,0.0039302834795399925,0.0057660377008027395,0.1880915843917177,mloufra_joshpalis 1.0 0.0,kaushalmahi12_bharath-techie 0.0 1.0
magento_magento2,-0.12487579016992961,5.013535903444546e-47,0.02730105529365042,0.20378769500477575,arifadobe_alena-marchenko 1.0 0.0,matteolavaggi_hryvinskyi 0.0 1.0
Azure_azure-sdk-tools,-0.27110149903047426,2.4763305605525363e-38,0.04966417066963164,0.11852520303111799,zzvswxy_changlong-liu 1.0 0.0,kurtzeborn_hallipr 0.09090909090909091 1.0
ethyca_fides,0.016854884826989772,0.8496344642251089,0.014646452633744197,0.1986041976466053,adamsachs_SteveDMurphy 0.3333333333333333 0.16666666666666666,ThomasLaPiana_PSalant726 0.01818181818181818 0.6666666666666666
minio_minio,-0.11998729661612721,0.4323997593678536,0.02050951424659976,0.4087095856213503,dvaldivia_Praveenrajmani 0.09375 0.18181818181818182,nitisht_ebozduman 0.009900990099009901 0.7142857142857143
WordPress_Learn,-0.3236750140656533,3.756211031995194e-34,0.023246682251170252,0.1312301278349172,mjaragon_harshgajipara 1.0 0.4,ryanwelcher_DaisyOlsen 0.02824858757062147 1.0
osmandapp_OsmAnd,nan,nan,0.0,0.16222947013460848,dmpr0_cepprice 0.0 0.21739130434782608,mmh-dev_PaulStets 0.0 0.25
abpframework_abp,0.3882386493542848,4.269898610280126e-05,0.028993915275779557,0.28513338374161507,masumulu28_fatihskilic 0.19230769230769232 0.4117647058823529,maliming_enisn 0.005802707930367505 0.6896551724137931
Lightning-AI_lightning,-0.1803937962658926,1.0454850555970707e-10,0.005313462671467412,0.19002010056369661,daniellepintz_ananthsub 0.22641509433962265 0.4230769230769231,rbracco_rasbt 0.0007285089849441476 1.0
qgis_QGIS,-0.028598754402409686,0.5519238705149891,0.017261997076751787,0.1759518573215797,m-kuhn_3nids 0.20765027322404372 0.07692307692307693,uclaros_TomasJohansson 0.0 1.0
nopSolutions_nopCommerce,0.5753601324310426,2.0575480357983497e-10,0.0390231223791039,0.6106796116504855,ehalzombi_RuS984 0.5 0.75,skoshelev_exileDev 0.11320754716981132 1.0
rstudio_rstudio,-0.13819824254805427,0.20177235242633845,0.012078494336679095,0.19845467431184127,melissa-barca_MariaSemple 0.2916666666666667 0.13793103448275862,jmcphers_astayleraz 0.0 0.4666666666666667
filecoin-project_venus,-0.1034767412108255,0.26899518488895885,0.01141258805232491,0.2046812522221163,ingar_eingenito 0.22641509433962265 0.0,olizilla_eshon 0.005988023952095809 1.0
GoogleContainerTools_skaffold,-0.08910162138173479,0.004660578548442953,0.009748357553947018,0.13362974970959482,tejal29_nkubala 0.22875816993464052 0.4270833333333333,JacekDuszenko_CuriousCorrelation 0.0 0.8
Automattic_sensei,0.25384482212006504,3.6493125446763575e-09,0.03790638787897335,0.27112387498256196,mikeyarce_kellychoffman 0.45454545454545453 0.16666666666666666,claudiosanches_StefMattana 0.001713796058269066 1.0
mozilla-mobile_firefox-ios,-0.2398715193934684,1.5052949110816524e-06,0.02713142568617228,0.1515726335161997,yoanarios_nishant2718 0.16666666666666666 0.16666666666666666,piofusco_linabutler 0.0 1.0
reapit_foundations,0.5257473313391675,0.11856804125714046,0.06116279069767442,0.20045789293774446,HollyJoyPhillips_AshDeeming 0.5 0.3333333333333333,HollyJoyPhillips_AshDeeming 0.5 0.3333333333333333
spring-projects_spring-boot,-0.03971971872005359,0.6180071972362803,0.009667644939088338,0.29640774696042693,wilkinsona_snicoll 0.14308890330953927 0.3181818181818182,jongwooo_KitBolourchi 0.0 1.0
bigbluebutton_bigbluebutton,0.1599321821516372,0.00021812303722310939,0.061620011652229856,0.23568819695916424,Scroody_JoVictorNunes 0.3333333333333333 0.28,kepstin_germanocaumo 0.038461538461538464 0.5833333333333334
jupyterlab_jupyterlab,0.0019619581688828168,0.9433566281411507,0.014581551678686988,0.17475294410628994,vkaidalov-rft_aschlaep 0.17647058823529413 0.3333333333333333,vkaidalov-rft_sarahspak 0.0 1.0
tailscale_tailscale,0.1190841125062671,9.506167887932216e-05,0.008784367564679109,0.2304495164477867,soniaappasamy_sailorfrag 0.35714285714285715 0.4090909090909091,rosszurowski_phirework 0.0111731843575419 0.6875
steedos_steedos-platform,0.7243594856513984,2.863740911816327e-05,0.02981170875907718,0.37287552191398343,sunhaolin_baozhoutao 0.2 0.9166666666666666,sunhaolin_baozhoutao 0.2 0.9166666666666666
argoproj_argo-cd,-0.12877559706301692,5.66109433575189e-11,0.003882235701747729,0.23036964973056445,plakyda-codefresh_oleksandr-codefresh 0.3333333333333333 0.4,todaywasawesome_jsoref 0.003401360544217687 1.0
helidon-io_helidon,0.29623838810985476,6.78425530618421e-06,0.04932672195823664,0.23512230996687142,tjquinno_barchetta 0.3333333333333333 0.5735294117647058,tomas-langer_tjquinno 0.11538461538461539 0.7123287671232876
internetarchive_openlibrary,-0.17196923822827404,3.448755413556983e-32,0.0017389882688721315,0.17418944597947217,getuliobr_Nuisigor 0.42105263157894735 0.25,the-halfbloodprince_omduragkar 0.0 1.0
kodadot_nft-gallery,-0.1735931846123942,0.05901913337726862,0.03633113957620394,0.13071225631134364,exezbcz_daiagi 0.2857142857142857 0.19607843137254902,zhyd1997_lluuk 0.0 0.6666666666666666
dotnet_roslyn,0.21420209117267977,8.283044686666723e-10,0.036627694035843275,0.14952107604169484,adrianvmsft_AlekseyTs 0.2857142857142857 0.018867924528301886,kayle_adrianvmsft 0.029411764705882353 1.0
Altinn_altinn-studio,0.1515614515432773,0.04343345501206981,0.014127515082699821,0.18074567242434436,matsgm_eimik 0.25 0.21428571428571427,matsgm_jezpoz 0.1111111111111111 0.5428571428571428
lightdash_lightdash,0.22346275778817432,0.0003407184826919749,0.018106983493266646,0.28742554165578965,yasmin-e_PriPatel 0.25 0.4117647058823529,rephus_ZeRego 0.2 0.8928571428571429
epam_ketcher,nan,nan,0.0,0.2568117769743156,kaluginserg_Zhirnoff 0.0 0.16666666666666666,rrodionov91_nanoblit 0.0 0.7142857142857143
pulumi_pulumi,0.006435648136362185,0.7907087745492903,0.016668216936648158,0.1979314762853381,kimberleyamackenzie_aq17 0.3333333333333333 0.09090909090909091,susanev_interurban 0.0 1.0
opensearch-project_OpenSearch-Dashboards,-0.10417622960746828,0.001349427849303593,0.015732424118950705,0.13345312974502185,SuZhou-Joe_Hailong-am 1.0 0.3333333333333333,ShatilKhan_BigSamu 0.0 0.6666666666666666
kubernetes_kubernetes,-0.0040326433053747964,0.3295647872803318,0.008927049975148264,0.19720462010172823,deepakkinni_Dragoncell 0.3333333333333333 0.125,xing-yang_MdSahil-oss 0.0 1.0
surveyjs_survey-library,0.3057961584637029,0.018506019354073058,0.025323413921293055,0.3109771957662782,dk981234_OlgaLarina 0.5 0.5555555555555556,mviorno_ST-1580 0.0 0.6666666666666666
openssl_openssl,0.15057016570482318,0.043049495776125206,0.046171216811694345,0.2695046912626835,romen_beldmit 0.23076923076923078 0.2,t8m_mattcaswell 0.11320754716981132 0.8125
thingsboard_thingsboard,-0.236227795630767,0.5732749680995871,0.013606194690265486,0.41666666666666663,vvlladd28_ikulikov 0.075 0.5,ikulikov_AndriiLandiak 0.0 0.5
carbon-design-system_carbon,0.05371018341363265,0.06876799794291275,0.012047819783232255,0.15489084062471012,kingtraceyj_aubrey-oneal 0.6666666666666666 0.375,conradennis_AndrisJefimovs 0.0 1.0
envoyproxy_envoy,-0.04935127251456837,0.0017691965520846256,0.007050796553870311,0.18931730111460524,tyxia_stevenzzzz 0.5 0.17391304347826086,yeongjukang_silverstar194 0.0 1.0
rust-lang_rust,-0.2480972086407712,5.653251177641779e-59,0.005385880612296501,0.14647427063929733,ritikBhandari_nx2k3 0.14285714285714285 0.0,strottos_nx2k3 0.0 1.0
deckhouse_deckhouse,0.21746467550739956,9.73287022740261e-05,0.04766598875743508,0.32344841570962746,yalosev_31337Ghost 0.5 0.27586206896551724,zuzzas_yalosev 0.045454545454545456 0.7
opencollective_opencollective,-0.15697136279000884,1.8330937526026487e-13,0.009076260042658345,0.2150225065342962,samcaspus_saideepesh000 0.2037037037037037 0.16666666666666666,Rozgony_Jeanluis019 0.0 1.0
vlang_v,0.03736479460786663,0.27795535963865986,0.042520327205020685,0.29168241960138025,penguindark_UweKrueger 0.34615384615384615 0.16666666666666666,phoreverpheebs_l1mey112 0.0 1.0
paritytech_substrate,-0.0008454154260235028,0.9502825934610223,0.030162837159265505,0.18278567476144764,dmitry-markin_Rashmirreddy 0.3333333333333333 0.0,pgherveou_agryaznov 0.03488372093023256 1.0
cypress-io_cypress,0.1442104200945057,0.0013394698810068975,0.00833450594924338,0.13830077256434925,nagash77_mschile 0.13333333333333333 0.21428571428571427,mahdikhashan_Ioanna2001 0.0 0.6
llvm_llvm-project,-0.5823713353233493,0.0,0.009901238141393529,0.09569379457978194,pogo59_OCHyams 1.0 0.0,aaupov_ElvinaYakubova 0.038461538461538464 1.0
kubernetes_website,-0.07193517025437267,4.48195386453062e-54,0.0028791375507503246,0.24311917285085716,tuibeovince_mrgiles 1.0 0.09090909090909091,lifeoncloud_H13m0n 0.0 1.0
rokwire_illinois-app,0.4398578780706628,0.04600945084477204,0.09826152683295541,0.3816704459561603,dr-mel_TodorBachvarov 1.0 0.42857142857142855,balicea_JosephShepin 0.0 1.0
4GeeksAcademy_About-4Geeks-Academy,-0.06871624333108453,0.023346725805910074,0.009447727540527372,0.25656942473662875,xenogenesis20_gmihov001 0.25 0.09090909090909091,kelvinruizdevel_aayalapalacin 0.0 0.9090909090909091
Esri_calcite-components,-0.14542247863865354,0.08310242943327921,0.00972359916381659,0.1891453584197258,ManahariDahal_AdelheidF 0.2 0.2857142857142857,mpayson_andreasulmer 0.0 0.6666666666666666
trezor_trezor-suite,0.14651683514728256,0.4315710148131058,0.04072876657796062,0.2737187543639157,keip_ZdenekSL 0.3333333333333333 0.25,mmahut_good-lly 0.0 1.0
pulumi_pulumi-aws,-0.0418225773154297,0.33610702799530245,0.020721878896809973,0.20339447604839825,viveklak_tusharshahrs 0.21052631578947367 0.0,mmdriley_joeduffy 0.006546644844517185 1.0
microsoft_vscode-pull-request-github,-0.3181111604304062,0.0005311245157741431,0.006451141954287734,0.18091930417882768,jrieken_alexr00 0.03626943005181347 0.05405405405405406,kieferrm_egamma 0.017064846416382253 1.0
unoplatform_uno,-0.02160200128259703,0.41912854476732764,0.01546250197934489,0.17843774152556033,baptiste-nv_XiaotianNetlift 1.0 0.16666666666666666,sasakrsmanovic_SkyeHoefling 0.008695652173913044 0.75
Automattic_jetpack,-0.05670061653909207,0.0005891785208321001,0.01779761852776534,0.13444389093418158,thingalon_scruffian 0.4411764705882353 0.08695652173913043,zaerl_ouikhuan 0.0 0.6666666666666666
cosmos_cosmos-sdk,-0.01778632392956764,0.6156595778549172,0.023580237254487914,0.11146575066834974,sahith-narahari_fdymylja 0.2692307692307692 0.1,hschoenburg_gamarin2 0.033707865168539325 1.0
aws-amplify_amplify-js,0.04306482693988357,0.07442491058402145,0.025070384843053697,0.1702974014701018,ncarvajalc_AnilMaktala 0.5 0.14285714285714285,hbuchel_HuiSF 0.0 1.0
ita-social-projects_GreenCity,0.04517085015541106,0.0201681531020557,0.0023440453686200376,0.2070710843051162,s1auka_Bohdan-Melnyk 1.0 0.32142857142857145,yuriizhurakovskyi_greatpanda1603 0.0 0.7333333333333333
vegaprotocol_vega,-0.13661352848271832,0.011682744300600439,0.04573601894893339,0.14423686930410573,peterbarrow_davidsiska-vega 1.0 0.06666666666666667,mattrussell36_MM0819 0.07142857142857142 0.6666666666666666
pingcap_tidb,-0.05174170427534099,7.04300386685435e-05,0.012066421011283779,0.1913648407066132,mengxin9014_fengou1 0.5 0.21428571428571427,okJiang_lastincisor 0.0 1.0
ckeditor_ckeditor5,0.22902834950206732,1.567677560677047e-11,0.11058618432092508,0.22563883695605477,pszczesniak_illia-stv 1.0 0.45,dufipl_AnnaTomanek 0.03571428571428571 0.6666666666666666
postmanlabs_postman-app-support,-0.17761663854725965,1.7666530189019474e-30,0.014135043747706315,0.13372712608864232,kamaraj-p_Lincimary 1.0 0.0,theshubhamjoshi_raqystyle 0.0 1.0
OpenBB-finance_OpenBBTerminal,-0.03334659867742379,0.37193531101108634,0.015788990592170205,0.31930443888868904,jmaslek_colin99d 0.294478527607362 0.6,Raghavendrapara_MertNuhuz 0.0 1.0
elastic_integrations,-0.21047997288567888,3.217248688311086e-06,0.021187963355238756,0.09846346404452096,milan-elastic_aliabbas-elastic 1.0 0.23529411764705882,klacabane_crespocarlos 0.0 0.5555555555555556
dbt-labs_dbt-core,0.11739655987989203,0.0016762441242084577,0.031412445963647076,0.15420447002185175,matt-winkler_colin-rogers-dbt 0.2857142857142857 0.0,matt-winkler_dpguthrie 0.017857142857142856 1.0
getsentry_sentry-javascript,0.03447243637981262,0.556038285101349,0.034722296101954195,0.14628966889176725,k-fish_iker-barriocanal 0.1702127659574468 0.2727272727272727,tonyo_antonpirker 0.027777777777777776 1.0
ToolJet_ToolJet,-0.0019785193225399884,0.679973607438002,0.0020325259975721836,0.4479568545792182,neha-gunta_jatingodnani 1.0 1.0,viditagrawal56_milinddethe15 0.0 1.0
hazelcast_hazelcast,0.1391934011331641,1.3806996283844363e-13,0.00857311328849506,0.2236791865495199,vojtechtoman_petrpleshachkov 0.25 0.34615384615384615,zhmaeff_puzpuzpuz 0.0 0.7142857142857143
backstage_backstage,-0.2144354193527113,1.870958872624689e-147,0.0025503310308047683,0.303635680604747,ellieseastream_Timunas 0.3333333333333333 0.5,mattray_davidfestal 0.0036900369003690036 1.0
iotaledger_firefly,0.22504289531953756,0.146806026993267,0.0676282126142743,0.20983238184175418,evavirseda_cpl121 0.35714285714285715 0.45454545454545453,evavirseda_brancoder 0.07692307692307693 1.0
apache_incubator-devlake,0.16907625210117833,0.009564155567039736,0.006683574678167246,0.26196242013053556,warren830_mindlesscloud 0.10344827586206896 0.5263157894736842,perhapzz_DunyuSong 0.0 1.0
ONRR_onrr.gov-site,0.3586327608948429,0.03172329398904311,0.0849867724867725,0.4642182590184966,greensomes_cthomasONRR 1.0 0.5833333333333334,mcharg_Maroyafaied 0.0 0.7666666666666667
hzi-braunschweig_SORMAS-Project,-0.20296721304979745,0.1574624679733281,0.002105263157894737,0.25882376978065996,danieltomaba_MateStrysewske 0.10526315789473684 0.05172413793103448,MateStrysewske_DavidBaldsiefen 0.0 0.6557377049180327
flutter_flutter,0.10835175031123356,2.1077224622270658e-07,0.020800038130575824,0.12789085763126634,yusuf-goog_ricardoamador 0.2857142857142857 0.42857142857142855,XilaiZhang_Jasguerrero 0.03333333333333333 0.75
Budibase_budibase,0.6255201182938921,7.242875941893842e-11,0.03201829446153011,0.1609790280785418,andz-bb_PClmnt 0.2857142857142857 0.2,melohagan_aptkingston 0.08450704225352113 0.4625
kyma-project_kyma,0.10346663719227585,0.0026790935386424306,0.008005441343161751,0.2180819509125699,sjanota_crabtree 0.25 0.3333333333333333,tomekpapiernik_colunira 0.0 0.8333333333333334
department-of-veterans-affairs_va.gov-cms,0.04484866107692336,0.21234389981067403,0.01047634363805456,0.17307141286580424,cmaeng_EWashb 1.0 0.2608695652173913,mchelen-gov_amponce 0.0 0.6666666666666666
status-im_status-mobile,-0.05412701910400597,0.03270879407747423,0.027761719500128783,0.17498511129234587,errorists_Serhy 0.4 0.0,super5508_souravbaranwal 0.0 1.0
bcgov_cas-cif,0.18369698807543472,0.18794527143733603,0.0021282002414077885,0.3736905128414562,pbastia_matthieu-foucault 0.045454545454545456 0.6,tmastrom_sam-warren 0.0 1.0
arduino_arduino-ide,0.1448267280082871,0.24595658297390055,0.049988781586097306,0.37678115312279875,francescospissu_91volt 0.5 0.5882352941176471,per1234_kittaakos 0.020876826722338204 0.7428571428571429
withastro_astro,0.032509308219889586,0.6569835920185199,0.009255990522488503,0.15190966568801859,natemoo-re_FredKSchott 0.07384615384615385 0.15,alex-sherwin_JerryWu1234 0.0 1.0
TheGameCreators_GameGuruRepo,0.5015037079762645,0.05683153550430341,0.006599925843529848,0.4497751101242562,plemsoft_LeeBamberTGC 0.06451612903225806 0.7777777777777778,plemsoft_ZakJudges 0.0 0.8181818181818182
primefaces_primevue,-0.7944613465542746,0.05902759992532669,0.06123102053459093,0.12361111111111112,sezisfurkan_bahadirsofuoglu 0.17073170731707318 0.08333333333333333,cagataycivici_bahadirsofuoglu 0.007462686567164179 0.375
OpenModelica_OpenModelica,-0.07022019159728704,0.47020210383628924,0.08153652175452893,0.22020113654540957,perost_AnHeuermann 0.2727272727272727 0.5217391304347826,phannebohm_bernhardbachmann 0.0 0.625
k3s-io_k3s,-0.11663603166758214,0.03918015482658933,0.016482052607906823,0.1590337282133177,rancher-max_ShylajaDevadiga 0.2 0.4,mcsaucy_kralicky 0.013888888888888888 1.0
AirSkyBoat_AirSkyBoat,-0.06267001498462835,0.6494364489934049,0.02813852813852814,0.23479672947092528,TiberonKalkaz_Frankie-hz 1.0 0.07692307692307693,TiberonKalkaz_Radegast-FFXIV 0.0 1.0
apache_airflow,-0.11428240569082382,4.629755491222393e-48,0.002291485741261502,0.26986317797155013,zeotuan_eskarimov 1.0 0.3,yukijam_Zhenye-Na 0.0 1.0
Azure_azure-cli,-0.03736516944111315,0.37449923672846386,0.011832951150589528,0.1957690509750975,lil131_calvinhzy 0.3333333333333333 0.10526315789473684,savjani_mksuni 0.0 0.75
PaddlePaddle_PaddleNLP,0.39327661693584876,5.892131466264386e-25,0.03345666886980198,0.2575709178343281,joey12300_LemonNoel 0.3157894736842105 0.29411764705882354,zhangyimi_portia1026 0.0 1.0
pandas-dev_pandas,-0.19142838623364447,3.1875463050615907e-128,0.0014154335220674234,0.24642160212460515,eirinikafourou_TeoSkondras 0.4 0.0,thiagogquinto_jfadia 0.0 1.0
WordPress_gutenberg,-0.1423096134727221,2.5084348087969573e-43,0.019684954627825355,0.11329880567271589,yashitamittal11_brookewp 0.4 0.0,karmatosed_justintadlock 0.06855575868372943 1.0
dotnet_docs,-0.09172328504560216,0.0009130608605414078,0.020497617301172118,0.14562898437196217,dtivel_StephenBonikowsky 0.23255813953488372 0.25,jtschuster_ViktorHofer 0.020202020202020204 1.0
Automattic_wp-calypso,-0.19577567352070416,5.229800535586475e-69,0.019286077311800685,0.14229566428564966,heavyweight_bogiii 1.0 0.16129032258064516,pablohoneyhoney_noahtallen 0.023255813953488372 1.0
dotnet_maui,0.05031339719957375,0.15177376401071724,0.023914538550820198,0.14049624491446028,mauroa_emaf 0.34615384615384615 0.3103448275862069,rmarinho_hartez 0.1893939393939394 0.5373134328358209
wso2_api-manager,0.07059390436890586,0.010773859087439374,0.006222783060483063,0.28197922678966014,prasa7_Nirothipan 0.2857142857142857 0.2777777777777778,prasa7_IsuruMaduranga 0.0 0.7368421052631579
pantsbuild_pants,-0.026988123087236908,0.4444677540576618,0.01866472259215191,0.3268425672531205,wilsonliam_gshuflin 0.5 0.5,thamenato_jyggen 0.05405405405405406 1.0
angular_components,-0.0021702468232898888,0.9761663550928139,0.01644345674602607,0.1453831645811635,devversion_crisbeto 0.23237597911227154 0.36363636363636365,atuzovic_alexfung888 0.0 1.0
Mbed-TLS_mbedtls,0.44446992974644767,3.7647297440389126e-22,0.06668505333496962,0.36078773374844403,tom-daubney-arm_gabor-mezei-arm 1.0 0.4666666666666667,yanesca_superna9999 0.007352941176470588 0.8571428571428571
microsoft_TypeScript,0.21312068144700652,0.0016309234243227677,0.018413089443288053,0.15949971441865088,navya9singh_iisaduan 0.25 0.3684210526315789,minestarks_PranavSenthilnathan 0.03225806451612903 1.0
darktable-org_darktable,0.35629456822269817,8.945813898164708e-09,0.031967125293993315,0.21205149185062339,rawfiner_Nilvus 0.4 0.11538461538461539,TurboGit_AlicVB 0.038461538461538464 0.625
PrestaShop_PrestaShop,0.09373171649060952,2.4707275777185993e-06,0.01832061343738781,0.20416159636880235,micka-fdz_christophe-rouille 0.3333333333333333 0.2,samaij_e-gaulue 0.0 0.6
pingcap_tiflash,0.14747090945127975,4.075331378071427e-06,0.021164530893151505,0.22169884697507758,ilovesoup_birdstorm 0.18947368421052632 0.0,ilovesoup_Defined2014 0.015873015873015872 1.0
vuetifyjs_vuetify,-0.07826849160528834,0.2487422922399958,0.02565734248600871,0.09977672896246204,blalan05_ElijahKotyluk 0.2549019607843137 0.0,sh7dm_DRoet 0.03508771929824561 1.0
microsoft_vscode-remote-release,0.17503242493855722,1.805047386446539e-06,0.022926607104129595,0.15493662297736205,lszomoru_kieferrm 0.2809278350515464 0.0,kieferrm_brettcannon 0.006435643564356435 1.0
risingwavelabs_risingwave,0.28533166283209754,2.7794189716732665e-44,0.023164769672635685,0.2293818671105224,soundOfDestiny_cykbls01 0.6 0.18181818181818182,murex971_Rossil2012 0.0 1.0
Project-MONAI_MONAI,-0.2434311400233368,6.352080608409646e-10,0.025383191997045865,0.28721680055870363,myron_binliunls 0.3333333333333333 0.6666666666666666,anishrajan25_AmirAflak 0.0 1.0
SigNoz_signoz,-0.0847555289818495,0.0022072790656441767,0.012695576965488512,0.24798143317026602,sf-pchakraborty_NishidhJain 1.0 0.6,mariuskimmina_ksorv 0.0 1.0
apache_incubator-eventmesh,-0.19967240185937196,2.6558049971772604e-27,0.0030099703259604555,0.5219081491028056,sreekesh93_krittysv 1.0 0.5,ileonli_fabian4 0.14705882352941177 1.0
istio_istio,-0.08999909560411719,1.1747238314207492e-07,0.008562646276472763,0.24672800521013005,williamaronli_jtrbs 0.25 0.0,shivanshu1333_mike-weiner 0.0 1.0
OpenLiberty_open-liberty,-0.1816380540763405,6.667826028735537e-07,0.014509660466812234,0.11146923244004672,jkoehler22_annaguri 1.0 0.1111111111111111,yongja79_dhaggart 0.0 1.0
MaterializeInc_materialize,0.12423446140726109,1.1929934045921504e-06,0.00620722581685238,0.21094871676277885,chaas_andrewrodriguez-m 1.0 0.47058823529411764,sthm_rjobanp 0.0 1.0
microsoft_coe-starter-kit,-0.3077917835442256,0.1998618877092842,0.015634235825309924,0.2475474354099904,rsantos00_Grant-Archibald-MS 0.07142857142857142 0.8333333333333334,rsantos00_Grant-Archibald-MS 0.07142857142857142 0.8333333333333334
open-telemetry_opentelemetry-collector-contrib,-0.10080583177503503,1.0726855183386852e-12,0.0045487185402029034,0.16188100373734832,rahulbandariSensei_Sprakhar97 1.0 0.4,markdingram_fchikwekwe 0.0 1.0
aptos-labs_aptos-core,0.1283761392729172,8.018842322475429e-07,0.012018899758418439,0.24935523746061317,gregnazario_davidiw 0.20469798657718122 0.3793103448275862,moonclavedev_0xChucky 0.0 1.0
containers_podman,0.037975345810061414,0.08485763072520913,0.004839211225892513,0.3342141623533256,mheon_baude 0.16030534351145037 0.6923076923076923,ryanhockstad_Regis-Caelum 0.0 1.0
FlutterFlow_flutterflow-issues,-0.04079827630923813,0.8606196408141311,0.02442795299938157,0.32040349043911337,shelpert_mravani2 0.5 0.4,shelpert_MizzUp 0.0 0.7
sboxgame_issues,0.2849014411490949,0.30337438647628623,0.05317769235002124,0.2628571428571429,tommydaz_EzMeowFP 0.5 0.0,robotboy655_garrynewman 0.0 0.6
Tedeapolis_development,-0.5,0.6666666666666667,0.08270676691729323,0.2875901875901876,niekschoemaker_CorruptSausage 0.14285714285714285 0.18181818181818182,niekschoemaker_Nander0320 0.10526315789473684 0.38095238095238093
microsoft_azuredatastudio,0.016364423220663785,0.6351726344093152,0.02026161490569119,0.22278045656325912,gupta1_dhgrajeda 0.6 0.23529411764705882,rchlkm_krritik 0.0 0.8
home-assistant_home-assistant.io,-0.14367501889049972,4.79869204655864e-08,0.014534909770679831,0.11285060521933943,rohankapoorcom_ochlocracy 0.21428571428571427 0.25,syssi_rytilahti 0.016913319238900635 0.4
kubernetes_minikube,-0.13187415586084714,9.556257885737538e-19,0.003084430788281132,0.1930967073440696,klaases_andriyDev 0.25 0.28125,sgmac_XDRAGON2002 0.0 1.0
GCTC-NTGC_gc-digital-talent,0.018303321395529613,0.8840256210151889,0.040333158276784034,0.39514576528015877,mnigh_RM-1978 0.5 0.14285714285714285,mnigh_esizer 0.0 0.782608695652174
magma_magma,0.030330838212163203,0.14555163770247465,0.016148290621816608,0.17484539332341276,vktng_mpfirrmann 0.8 0.3333333333333333,jpad-freedomfi_joary 0.0 1.0
cockroachdb_cockroach,-0.027781619558951507,0.15792424753130374,0.012563764573423578,0.24935377113115104,lidorcarmel_aliher1911 0.6666666666666666 0.3125,samiskin_HonoreDB 0.0 0.7777777777777778
UnitTestBot_UTBotJava,0.07357781591097114,0.1272224562554396,0.007760413030978946,0.2354909991114851,Damtev_ArsenHD 0.26666666666666666 0.16666666666666666,dtim_CaelmBleidd 0.0 0.8
charliermarsh_ruff,-0.30372012409579247,1.037560500633606e-06,0.004000146028439723,0.22686455880579123,tjkuson_JonathanPlasse 0.05 0.1111111111111111,vlindhol_JelleZijlstra 0.0 1.0
StarRocks_starrocks,-0.27393239303134087,1.974068433413799e-05,0.021771595338035306,0.355432808716707,wangsimo0_packy92 0.3333333333333333 0.0,zaorangyang_wg1026688210 0.0 1.0
logseq_logseq,-0.0012293580862548263,0.9878477364946445,0.017871519548172937,0.11363629692553495,maxweilun1989_alxlg 0.09090909090909091 0.0,tiensonqin_andelf 0.03213610586011342 0.44
chatwoot_chatwoot,-0.10997951635099971,2.5002710971951434e-06,0.0034714596277639963,0.24094874101385813,nithindavid_iamsivin 0.323943661971831 0.4418604651162791,somenugget_simonpankovski 0.0 1.0
apache_pulsar,-0.14531449292382395,8.211887910171658e-30,0.020982581156264144,0.22519724868327676,thetumbled_heesung-sn 0.3333333333333333 0.0,thomas-turner_dragonls 0.0 1.0
JanssenProject_jans,0.0,1.0,0.007625272331154683,0.12608543130109875,nynymike_moabu 0.12962962962962962 0.12195121951219512,moabu_duttarnab 0.0 0.3023255813953488
matrixorigin_matrixone,0.1506431562531984,2.2696125138739817e-15,0.030896663032988617,0.3021089161634266,aressu1985_LiSong0214 1.0 0.3055555555555556,mklzl_TenGui 0.0 1.0
cockroachdb_docs,0.057681940652510144,0.2825464171485608,0.0036598941511055854,0.20757417178941281,shermanCRL_amruss 0.16666666666666666 0.4,jhatcher9999_emily-horing 0.0 1.0
bcgov_entity,-0.08384816268322816,0.5135312605824454,0.015873015873015872,0.2774306353859751,vysakh-menon-aot_shabeeb-aot 1.0 0.1875,kzdev420_chenhongjing 0.0 0.8181818181818182
primefaces_primereact,-0.19727146761450512,3.833558266936267e-12,0.0047148984036356175,0.35784100026088517,ulasturann_buraksaglam089 0.3181818181818182 0.36363636363636365,gucal_bahadirsofuoglu 0.04580152671755725 1.0
fleetdm_fleet,-0.18538118680841986,0.13929023634366158,0.06744294848505598,0.18913553696977503,hughestaylor_artemist-work 1.0 0.0,roperzh_gillespi314 0.009615384615384616 0.5769230769230769
chanzuckerberg_single-cell-data-portal,-0.30890176035101696,0.03265729957566353,0.004405932544450929,0.20130973722649925,parthshahva_calvinnhieu 0.08333333333333333 0.0,parthshahva_MaximilianLombardo 0.0 1.0
gradle_gradle,0.2446924123387153,5.208125064943118e-18,0.012711823979438866,0.16263201879870479,mlopatkin_SidB3 0.23076923076923078 0.0625,eygraber_3flex 0.0 1.0
amplication_amplication,-0.0487723423108235,1.2197794187367495e-07,0.002402267769858311,0.3075135291552665,morhag90_alexbass86 0.5 0.19047619047619047,kiptoomm_MatteoGheza 0.0 1.0
AzureAD_microsoft-authentication-library-for-dotnet,0.21370758377663923,0.008202286257298423,0.034660994561103914,0.17922351918956275,pmaytak_gladjohn 0.2222222222222222 0.42857142857142855,pmaytak_bgavrilMS 0.11666666666666667 0.8
rancher_rancher,-0.024602912789460224,0.051020432504019025,0.026069977303898484,0.13175888324676058,dasarinaidu_Priyashetty17 1.0 0.25,mbologna_ShylajaDevadiga 0.0 1.0
project-chip_connectedhomeip,-0.05922003745220585,0.00682026204745728,0.0760589253354335,0.14789588267862333,tehampson_chirag-silabs 1.0 0.0,markus-becker-tridonic-com_PSONALl 0.2 1.0
kata-containers_kata-containers,-0.0626223306538523,0.005174916024974258,0.012864694897120004,0.22794320870430604,snir911_danmihai1 0.3333333333333333 0.3333333333333333,yahaa_joannejchen 0.0 1.0
mui_mui-x,0.37450031829096886,6.669846730269321e-07,0.016715884311687145,0.18652048461924323,gerdadesign_LukasTy 0.11538461538461539 0.125,mikewolfd_TheUnlocked 0.0 0.6666666666666666
o3de_o3de,0.031371747791637164,0.05422334403867044,0.053710055761005356,0.2043971855539336,monroegm_lsemp3d 1.0 0.39473684210526316,aambrosano_MiKom 0.0 0.8
lowRISC_opentitan,0.23759126516044288,2.1070223291016147e-22,0.00976856916286465,0.1881413924269698,hcallahan-lowrisc_ctopal 0.3333333333333333 0.2,milesdai_dmcardle 0.0 0.6785714285714286
Expensify_App,0.038095735179210576,0.00037807930329764717,0.005049614253753937,0.4718514984944391,trjExpensify_NicMendonca 1.0 0.6428571428571429,burczu_Christinadobrzyn 0.0 1.0
giantswarm_roadmap,-0.247466440781552,1.879498905478148e-20,0.007187871826495738,0.10276956741429775,snizhana-dynnyk_cokiengchiara 0.5 0.1,mnitchev_bdehri 0.0 0.8888888888888888
dotnet_runtime,-0.028785071498305476,0.28754793814653806,0.027394386172849648,0.05855869442694864,ChrisAhna_AntonLapounov 0.38961038961038963 0.0,EgorBo_AndyAyersMS 0.010101010101010102 0.6
Azure_azure-powershell,-0.13859825095328254,3.707500188535522e-26,0.0075716170858617935,0.21522889501878406,msJinLei_lijinpei2008 1.0 0.2857142857142857,bwarren18_DanteNahuel 0.0 1.0
mozilla-mobile_fenix,-0.25607503203091514,8.56944535776986e-20,0.03442129686287985,0.14155956953175747,mavduevskiy_MozillaNoah 1.0 0.21739130434782608,jeddai_debojyoti452 0.0 1.0
datafuselabs_databend,-0.02711867271684075,0.05419154677289556,0.014182405969335772,0.31260160539979526,youngsofun_dantengsky 0.20481927710843373 0.5909090909090909,zenus_JackTan25 0.0 1.0
goharbor_harbor,0.22480089187703706,3.289747890480558e-05,0.01070457356777267,0.15016150435174996,ywk253100_reasonerjt 0.15702479338842976 0.4235294117647059,ywk253100_heww 0.043478260869565216 0.5128205128205128
nrwl_nx,0.14854154797152372,0.15995687115499715,0.007643614172344843,0.24837358629613257,philipjfulcher_kirjai 0.07407407407407407 0.3,meeroslav_mandarini 0.0 0.7931034482758621
Joystream_pioneer,0.23937575955742862,0.05479669203619856,0.016876701654595504,0.18104518748730775,mochet_dmtrjsg 0.16666666666666666 0.109375,polikosi_gyroflaw 0.07692307692307693 0.4482758620689655
highcharts_highcharts,0.21716456074120555,2.055136855156348e-07,0.010880940407248732,0.3631469498188281,kamil-musialowski_KamilKubik 0.6666666666666666 0.4117647058823529,jakubSzuminski_Vazonik 0.06666666666666667 0.9230769230769231
trinodb_trino,-0.2712820862626807,1.1524418125341782e-89,0.020270491400684952,0.3107532985399741,vlad-lyutenko_radek-starburst 1.0 0.0,huberty89_grantatspothero 0.0 1.0
zitadel_zitadel,0.21233319958319535,0.04331782399850709,0.13940398360005324,0.2616526925814667,michaelulrichwaeger_juergrinaldi 0.4 0.25,stebenz_eliobischof 0.3076923076923077 0.6875
opencv_cvat,0.6479075408464421,2.049956917523432e-11,0.0214727884835614,0.31094396376403294,zhiltsov-max_azhavoro 0.15789473684210525 0.6428571428571429,ppanczyk_benhoff 0.0 1.0
ClickHouse_ClickHouse,-0.24882199072523678,1.0889723591061161e-16,0.009755454368884456,0.1925671239007256,qoega_Avogar 0.21875 0.15384615384615385,iiiuwioajdks_bharatnc 0.0 1.0
apache_arrow,-0.12347975687953659,4.876657233876129e-36,0.0029022825265706377,0.24976950084778038,gringasalpastor_KarateSnowMachine 0.25 0.3333333333333333,manolama_hrishisd 0.0 1.0
microsoft_vscode-python,0.0501427229151642,0.3087686953748454,0.007648192268394964,0.19265221049670983,rchiodo_IanMatthewHuff 0.10869565217391304 0.375,lramos15_iChenLei 0.006622516556291391 1.0
GoogleForCreators_web-stories-wp,0.05096032729974863,0.43001558651009875,0.0055455088139756805,0.19032994836540792,mwritter_merapi 0.125 0.2807017543859649,swissspidy_spacedmonkey 0.065 0.6421052631578947
denoland_deno,0.26859004117659824,1.8799251393965138e-05,0.02420083054426945,0.14324155790980583,nayeemrmn_crowlKats 0.14754098360655737 0.15384615384615385,kitsonk_dsherret 0.06256742179072276 0.5
red-hat-storage_ocs-ci,-0.04859548348466876,0.7052713585917056,0.0015542328042328043,0.2441815913786281,gklein_ebenahar 0.04 0.3076923076923077,jimdevops19_gklein 0.0 0.5714285714285714
elastic_kibana,-0.16826880432757804,3.3171199021930145e-77,0.012501909091477198,0.1078325369485215,muskangulati-qasource_karanbirsingh-qasource 1.0 0.2,animehart_Omolola-Akinleye 0.6666666666666666 0.75
cityofaustin_atd-data-tech,0.43994338352354384,0.20325743928576434,0.006259488180438083,0.33986113325193973,roseeichelmann_patrickm02L 0.041666666666666664 0.36923076923076925,roseeichelmann_mateoclarke 0.011494252873563218 0.5142857142857142
DGEXSolutions_osrd,0.3079444595879443,1.765438718500605e-09,0.009652771560422364,0.29479280244868517,Yohh_SarahBellaha 0.36363636363636365 0.7857142857142857,SharglutDev_SarahBellaha 0.0 0.7857142857142857
neondatabase_neon,0.042648748764398094,0.2855279320235042,0.015180965545392461,0.18563083778408035,lubennikovaav_arssher 0.2391304347826087 0.48148148148148145,save-buffer_danieltprice 0.0 1.0
gradio-app_gradio,-0.04540262314732245,0.6065935600616557,0.018605193869290118,0.21547719008842067,dawoodkhan82_aliabd 0.2916666666666667 0.4117647058823529,whitphx_ronvoluted 0.0 1.0
quarkusio_quarkus,0.0940872248638605,0.0001541945788298158,0.027233247132968864,0.1328075573390972,rsvoboda_aloubyansky 0.2153846153846154 0.08333333333333333,rmanibus_machi1990 0.014705882352941176 0.6666666666666666
MicrosoftDocs_visualstudio-docs,-0.04823654435362479,0.06437844477661689,0.010237377115659849,0.27613705550864653,milarso81_etvorun 1.0 0.3,brickgeorge_BillWagner 0.003115264797507788 1.0
storybookjs_storybook,-0.16632196869815008,2.803566340443083e-11,0.0032446916816935827,0.15414376733730245,kroeder_andezzat 0.10869565217391304 0.2857142857142857,BikashSah999_88ta 0.0 1.0
decentraland_unity-renderer,-0.16076768139300604,0.00467798744831077,0.03007894284142978,0.2279708147472551,pravusjif_pbosio 0.5925925925925926 0.5882352941176471,davidejensen_AjimenezDCL 0.0 0.85
mdn_content,-0.5138295518407587,1.0459676713658863e-207,0.004529425339707675,0.199618560321032,wbamberg_Elchi3 0.19400630914826497 0.14285714285714285,robinmetral_Sardtok 0.0 1.0
microsoft_vscode-cpptools,-0.057166791117488916,0.44335764965925106,0.01243508497601693,0.20117973176357848,schultetwin1_mluparu 0.1346153846153846 0.14285714285714285,kersson_fearthecowboy 0.0 0.8
